{
    "batchName": "",
    "batchTime": 0,
    "boardConf": "nIR-C00M00-00",
    "boardCustom": "",
    "boardName": "DM3370",
    "boardOptions": 0,
    "boardRev": "R4M2E4",
    "cameraData": [
        [
            0,
            {
                "cameraType": 0,
                "distortionCoeff": [
                    -3.449554920196533,
                    5.616943359375,
                    -0.0012729980517178774,
                    -0.002203497337177396,
                    -2.2292263507843018,
                    -3.4216458797454834,
                    5.502269268035889,
                    -2.1144142150878906,
                    0.0,
                    0.0,
                    0.0,
                    0.0,
                    0.0,
                    0.0
                ],
                "extrinsics": {
                    "rotationMatrix": [
                        [
                            0.0,
                            0.0,
                            0.0
                        ],
                        [
                            0.0,
                            0.0,
                            0.0
                        ],
                        [
                            0.0,
                            0.0,
                            0.0
                        ]
                    ],
                    "specTranslation": {
                        "x": -0.0,
                        "y": -0.0,
                        "z": -0.0
                    },
                    "toCameraSocket": -1,
                    "translation": {
                        "x": 0.0,
                        "y": 0.0,
                        "z": 0.0
                    }
                },
                "height": 1080,
                "intrinsicMatrix": [
                    [
                        999.761962890625,
                        0.0,
                        960.7982788085938
                    ],
                    [
                        0.0,
                        1000.0401611328125,
                        550.8836669921875
                    ],
                    [
                        0.0,
                        0.0,
                        1.0
                    ]
                ],
                "lensPosition": 0,
                "specHfovDeg": 68.7938003540039,
                "width": 1920
            }
        ],
        [
            1,
            {
                "cameraType": 0,
                "distortionCoeff": [
                    -1.1449486017227173,
                    1.9652880430221558,
                    0.0003484496264718473,
                    0.0001613211934454739,
                    0.3331201672554016,
                    -0.819232165813446,
                    1.5433958768844604,
                    1.0152308940887451,
                    0.0,
                    0.0,
                    0.0,
                    0.0,
                    0.0,
                    0.0
                ],
                "extrinsics": {
                    "rotationMatrix": [
                        [
                            0.9970168471336365,
                            -0.06576281785964966,
                            -0.040405768901109695
                        ],
                        [
                            0.06612077355384827,
                            0.9977827668190002,
                            0.007585868239402771
                        ],
                        [
                            0.039817314594984055,
                            -0.010234898887574673,
                            0.9991545677185059
                        ]
                    ],
                    "specTranslation": {
                        "x": -7.5,
                        "y": 0.0,
                        "z": 0.0
                    },
                    "toCameraSocket": 2,
                    "translation": {
                        "x": -7.613834381103516,
                        "y": 0.10086039453744888,
                        "z": -0.21424388885498047
                    }
                },
                "height": 800,
                "intrinsicMatrix": [
                    [
                        570.6795043945313,
                        0.0,
                        657.8294677734375
                    ],
                    [
                        0.0,
                        570.3024291992188,
                        412.6250305175781
                    ],
                    [
                        0.0,
                        0.0,
                        1.0
                    ]
                ],
                "lensPosition": 0,
                "specHfovDeg": 110.0,
                "width": 1280
            }
        ],
        [
            2,
            {
                "cameraType": 0,
                "distortionCoeff": [
                    26.100326538085938,
                    29.580001831054688,
                    0.0005024953279644251,
                    -0.0005182200111448765,
                    3.0327014923095703,
                    26.382339477539063,
                    38.18364334106445,
                    10.278202056884766,
                    0.0,
                    0.0,
                    0.0,
                    0.0,
                    0.0,
                    0.0
                ],
                "extrinsics": {
                    "rotationMatrix": [
                        [
                            0.9970411062240601,
                            0.06492004543542862,
                            0.041163504123687744
                        ],
                        [
                            -0.06469176709651947,
                            0.9978817701339722,
                            -0.006854970473796129
                        ],
                        [
                            -0.041521333158016205,
                            0.004171747248619795,
                            0.9991289377212524
                        ]
                    ],
                    "specTranslation": {
                        "x": 7.5,
                        "y": -0.0,
                        "z": -0.0
                    },
                    "toCameraSocket": 1,
                    "translation": {
                        "x": 7.590762615203857,
                        "y": -0.5897109508514404,
                        "z": -0.0377141498029232
                    }
                },
                "height": 800,
                "intrinsicMatrix": [
                    [
                        566.4550170898438,
                        0.0,
                        647.4142456054688
                    ],
                    [
                        0.0,
                        566.6572265625,
                        394.4568176269531
                    ],
                    [
                        0.0,
                        0.0,
                        1.0
                    ]
                ],
                "lensPosition": 0,
                "specHfovDeg": 110.0,
                "width": 1280
            }
        ]
    ],
    "hardwareConf": "F0-FV00-BC000",
    "imuExtrinsics": {
        "rotationMatrix": [
            [
                0.0,
                0.0,
                0.0
            ],
            [
                0.0,
                0.0,
                0.0
            ],
            [
                0.0,
                0.0,
                0.0
            ]
        ],
        "specTranslation": {
            "x": 0.0,
            "y": 0.0,
            "z": 0.0
        },
        "toCameraSocket": -1,
        "translation": {
            "x": 0.0,
            "y": 0.0,
            "z": 0.0
        }
    },
    "miscellaneousData": [],
    "productName": "RAE",
    "stereoRectificationData": {
        "leftCameraSocket": 1,